{"champions":{"Darius":6,"Shen":3,"Renekton":3,"Gnar":1,"Malphite":3,"Maokai":5,"Nautilus":4,"Swain":2},"avgCSDeltas":{"zeroToten":1.3966101694915254,"tenToTwenty":1.4779661016949153,"twentyToThirty":0.9522522522522521,"thirtyToEnd":0.49248366013071954},"avgGoldDeltas":{"zeroToten":56.56186440677967,"tenToTwenty":85.71694915254234,"twentyToThirty":68.32432432432434,"thirtyToEnd":42.94624183006539},"gameCounter":118}