{"champions":{"Elise":3,"XinZhao":1,"Udyr":1,"Volibear":3,"Zac":5,"Gragas":1,"Vi":1,"LeeSin":1,"Graves":1,"Braum":7,"Alistar":3},"avgCSDeltas":{"zeroToten":0.2049382716049383,"tenToTwenty":0.35679012345679006,"twentyToThirty":0.4040540540540541,"thirtyToEnd":0.23025641025641075},"avgGoldDeltas":{"zeroToten":67.94074074074075,"tenToTwenty":101.71111111111111,"twentyToThirty":94.13243243243242,"thirtyToEnd":54.798717948718},"gameCounter":81}