{"champions":{"Corki":2,"Lucian":11,"Kalista":2,"Sivir":8,"Ahri":1,"Caitlyn":2,"MissFortune":1},"avgCSDeltas":{"zeroToten":7.000000000000002,"tenToTwenty":7.477777777777779,"twentyToThirty":6.665000000000001,"thirtyToEnd":6.571212121212127},"avgGoldDeltas":{"zeroToten":260.8555555555556,"tenToTwenty":396.3148148148149,"twentyToThirty":469.9549999999999,"thirtyToEnd":505.8484848484845},"gameCounter":27}