{"champions":{"Graves":2,"Shyvana":3,"Ekko":1,"Kindred":2,"Jax":1,"Amumu":1},"avgCSDeltas":{"zeroToten":0.05164835164835165,"tenToTwenty":0.15824175824175823,"twentyToThirty":0.2545454545454545,"thirtyToEnd":0.17519379844961278},"avgGoldDeltas":{"zeroToten":29.282417582417587,"tenToTwenty":39.08791208791209,"twentyToThirty":36.487500000000004,"thirtyToEnd":25.31434108527128},"gameCounter":91}