{
  "champions": {
    "Zed": 2,
    "Leblanc": 6,
    "Viktor": 8,
    "Annie": 1,
    "Fizz": 2,
    "Brand": 3,
    "Sivir": 2,
    "Orianna": 1,
    "Veigar": 1,
    "Azir": 1
  },
  "avgCSDeltas": {
    "zeroToten": 3.2092592592592593,
    "tenToTwenty": 3.424074074074074,
    "twentyToThirty": 1.8085106382978724,
    "thirtyToEnd": 1.1978070175438607
  },
  "avgGoldDeltas": {
    "zeroToten": 127.14444444444443,
    "tenToTwenty": 200.0611111111111,
    "twentyToThirty": 166.72978723404256,
    "thirtyToEnd": 119.4342105263158
  },
  "gameCounter": 54
}
