{"champions":{"Braum":4,"Nautilus":1,"JarvanIV":1},"avgCSDeltas":{"zeroToten":0.05000000000000001,"tenToTwenty":0.07580645161290323,"twentyToThirty":0.0256198347107438,"thirtyToEnd":0.04132231404958678},"avgGoldDeltas":{"zeroToten":8.582258064516129,"tenToTwenty":13.629838709677419,"twentyToThirty":7.0611570247933875,"thirtyToEnd":7.584159779614297},"gameCounter":124}