{
  "champions": {
    "Ekko": 3,
    "Trundle": 2,
    "Gangplank": 2,
    "Gnar": 1,
    "Irelia": 1
  },
  "avgCSDeltas": {
    "zeroToten": 6.2555555555555555,
    "tenToTwenty": 7.577777777777777,
    "twentyToThirty": 7.485714285714285,
    "thirtyToEnd": 8.991666666666674
  },
  "avgGoldDeltas": {
    "zeroToten": 256.7111111111111,
    "tenToTwenty": 396.1555555555556,
    "twentyToThirty": 455.08571428571423,
    "thirtyToEnd": 445.1916666666675
  },
  "gameCounter": 9
}
